epoch,steps,cosine_accuracy,cosine_accuracy_threshold,cosine_f1,cosine_precision,cosine_recall,cosine_f1_threshold,cosine_ap,cosine_mcc
-1,-1,0.9448160535117057,0.7669181227684021,0.9449081803005008,0.9433333333333334,0.9464882943143813,0.7669181227684021,0.9876011007258767,0.8896370825805661
-1,-1,0.9381270903010034,0.7200639247894287,0.9390444810543658,0.9253246753246753,0.9531772575250836,0.7200639247894287,0.9847237869758949,0.8766514068929248
