epoch,steps,cosine_accuracy,cosine_accuracy_threshold,cosine_f1,cosine_precision,cosine_recall,cosine_f1_threshold,cosine_ap,cosine_mcc
0.9823182711198428,500,0.9381270903010034,0.7594173550605774,0.9378151260504203,0.9425675675675675,0.9331103678929766,0.7594173550605774,0.9818778280936973,0.876298290193118
1.9646365422396856,1000,0.9364548494983278,0.7723572254180908,0.9364548494983278,0.9364548494983278,0.9364548494983278,0.7723572254180908,0.982762072506508,0.8729096989966555
2.9469548133595285,1500,0.9414715719063546,0.7733346223831177,0.9401709401709402,0.9615384615384616,0.919732441471572,0.7733346223831177,0.9840900869491465,0.8837788686981582
3.9292730844793713,2000,0.9414715719063546,0.7513805627822876,0.9405772495755519,0.9551724137931035,0.9264214046822743,0.7513805627822876,0.983832917233564,0.8833434023653899
4.911591355599214,2500,0.9464882943143813,0.7700290679931641,0.9450171821305843,0.9717314487632509,0.919732441471572,0.7700290679931641,0.9838188760732794,0.8942578613941957
