epoch,steps,cosine_accuracy,cosine_accuracy_threshold,cosine_f1,cosine_precision,cosine_recall,cosine_f1_threshold,cosine_ap,cosine_mcc
0.9823182711198428,500,0.9431438127090301,0.7547433376312256,0.9438943894389439,0.9315960912052117,0.9565217391304348,0.7483139038085938,0.9871035798740205,0.8866050317158073
1.9646365422396856,1000,0.9481605351170569,0.7911287546157837,0.9462738301559791,0.9820143884892086,0.9130434782608695,0.7911287546157837,0.9870883221521275,0.8985399828162487
2.9469548133595285,1500,0.9448160535117057,0.7642307281494141,0.9439728353140917,0.9586206896551724,0.9297658862876255,0.7642307281494141,0.984174232752921,0.8900353978378549
3.9292730844793713,2000,0.9448160535117057,0.7805848121643066,0.9439728353140917,0.9586206896551724,0.9297658862876255,0.7664761543273926,0.9848988137556715,0.8900353978378549
4.911591355599214,2500,0.9414715719063546,0.7900673151016235,0.942528735632184,0.9258064516129032,0.959866220735786,0.7214541435241699,0.9849551443928667,0.8835412617927487
