epoch,steps,cosine_accuracy,cosine_accuracy_threshold,cosine_f1,cosine_precision,cosine_recall,cosine_f1_threshold,cosine_ap,cosine_mcc
1.0,245,0.9312883435582822,0.42975184321403503,0.9351851851851852,0.9439252336448598,0.926605504587156,0.42975184321403503,0.9622946401810962,0.8622588256192755
2.0,490,0.947239263803681,0.33087754249572754,0.9516310461192351,0.9337748344370861,0.9701834862385321,0.3269852101802826,0.9653066725905872,0.8944389932004055
3.0,735,0.9521472392638037,0.3158661723136902,0.9557321225879681,0.946067415730337,0.9655963302752294,0.3158661723136902,0.9656913918872847,0.9038978683439511
4.0,980,0.9533742331288344,0.2829757034778595,0.9570135746606335,0.9441964285714286,0.9701834862385321,0.2829757034778595,0.9659428204882037,0.9064943960628228
5.0,1225,0.9521472392638037,0.2798072397708893,0.9561304836895388,0.9381898454746137,0.9747706422018348,0.26103925704956055,0.9655778147028744,0.9043409577807533
