total_pairs,baseline_auc,trained_auc,auc_improvement,avg_improvement
598,0.8433798279661301,0.8991398306506638,0.05576000268453374,-0.10068423617578336
