total_pairs,baseline_auc,trained_auc,auc_improvement,avg_improvement
600,0.8460666666666667,0.9038666666666666,0.05779999999999985,-0.09685573685098067
