epoch,steps,cosine_accuracy,cosine_accuracy_threshold,cosine_f1,cosine_precision,cosine_recall,cosine_f1_threshold,cosine_ap,cosine_mcc
-1,-1,0.9484662576687116,0.32253754138946533,0.9530201342281879,0.9301310043668122,0.9770642201834863,0.2860024571418762,0.966060392741215,0.8973631106810793
