epoch,steps,cosine_accuracy,cosine_accuracy_threshold,cosine_f1,cosine_precision,cosine_recall,cosine_f1_threshold,cosine_ap,cosine_mcc
-1,-1,0.9484662576687116,0.32253754138946533,0.9530201342281879,0.9301310043668122,0.9770642201834863,0.2860024571418762,0.966060392741215,0.8973631106810793
-1,-1,0.9347826086956522,0.7773971557617188,0.9344,0.8957055214723927,0.9765886287625418,0.6629912257194519,0.984640914650542,0.8664159803630758
