epoch,steps,cosine_accuracy,cosine_accuracy_threshold,cosine_f1,cosine_precision,cosine_recall,cosine_f1_threshold,cosine_ap,cosine_mcc
0.9823182711198428,500,0.9264214046822743,0.7913328409194946,0.9243986254295532,0.950530035335689,0.8996655518394648,0.7841838598251343,0.9816163184110134,0.8540664968371532
1.9646365422396856,1000,0.9347826086956522,0.7455887198448181,0.9359605911330049,0.9193548387096774,0.9531772575250836,0.7275618314743042,0.9844272714736362,0.8701542729777071
2.9469548133595285,1500,0.9414715719063546,0.7749394178390503,0.940374787052811,0.9583333333333334,0.9230769230769231,0.7749394178390503,0.9827446528843012,0.8835412617927487
3.9292730844793713,2000,0.9381270903010034,0.7854672074317932,0.9367521367521366,0.958041958041958,0.9163879598662207,0.7854672074317932,0.9828418983991982,0.8770835742383237
4.911591355599214,2500,0.9347826086956522,0.7787849307060242,0.935108153078203,0.9304635761589404,0.939799331103679,0.7451328039169312,0.9825749156579086,0.8696089902679797
