epoch,steps,cosine_accuracy,cosine_accuracy_threshold,cosine_f1,cosine_precision,cosine_recall,cosine_f1_threshold,cosine_ap,cosine_mcc
0.9823182711198428,500,0.931438127090301,0.720323383808136,0.9337641357027464,0.903125,0.9665551839464883,0.7094871997833252,0.9827824435998059,0.865012371517135
